Date,Actual_Close,Pred_Close,pred_ret,signal
2020-12-23,127.48329,122.20908,-0.048059475,-1
2020-12-24,128.46649,122.80528,-0.036695074,-1
2020-12-28,133.06122,123.4163,-0.03931137,-1
2020-12-29,131.2895,124.21067,-0.06651486,-1
2020-12-30,130.17003,124.96757,-0.04815265,-1
2020-12-31,129.16739,125.624535,-0.034919668,-1
2021-01-04,125.974464,126.15684,-0.023307364,-1
2021-01-05,127.53199,126.45694,0.003829945,0
2021-01-06,123.23907,126.700035,-0.0065235,0
2021-01-07,127.44435,126.7002,0.028084729,0
2021-01-08,128.54437,126.77364,-0.0052627497,0
2021-01-11,125.555855,126.91435,-0.012680603,0
2021-01-12,125.38066,126.943535,0.011052293,0
2021-01-13,127.41516,126.91487,0.012236418,0
2021-01-14,125.48775,126.94864,-0.0036614342,0
2021-01-15,123.76473,126.91888,0.011404536,0
2021-01-19,124.43641,126.785805,0.0244098,0
2021-01-20,128.5249,126.64054,0.017712919,0
2021-01-21,133.2364,126.67633,-0.014382985,0
2021-01-22,135.37804,127.00238,-0.046789195,-1
2021-01-25,139.12578,127.54575,-0.057854902,-1
2021-01-26,139.35945,128.33977,-0.077527046,-1
2021-01-27,138.28864,129.22742,-0.07270432,-1
2021-01-28,133.45056,130.07542,-0.0593918,-1
2021-01-29,128.45677,130.65279,-0.020964881,-1
2021-02-01,130.57892,130.85605,0.018677698,0
2021-02-02,131.40636,130.9638,0.0029475484,0
2021-02-03,130.38419,131.04161,-0.0027757112,0
2021-02-04,133.74263,131.04755,0.005087738,0
2021-02-05,133.32825,131.16606,-0.019265126,0
2021-02-08,133.47453,131.30609,-0.015166746,0
2021-02-09,132.59709,131.45798,-0.015108169,0
2021-02-10,131.99266,131.56944,-0.007750162,0
2021-02-11,131.73921,131.63081,-0.002741417,0
2021-02-12,131.97313,131.65367,-0.000649319,0
2021-02-16,129.84785,131.66591,-0.0023279015,0
2021-02-17,127.55683,131.57611,0.013309856,0
2021-02-18,126.45519,131.34209,0.029675052,0
2021-02-19,126.611145,131.00154,0.035952248,1
2021-02-22,122.83828,130.63034,0.031744406,1
2021-02-23,122.701805,130.08989,0.059033796,1
2021-02-24,122.204575,129.49136,0.05533381,1
2021-02-25,117.953995,128.8669,0.054517787,1
2021-02-26,118.21724,128.06734,0.08573972,1
2021-03-01,124.58337,127.238205,0.07630838,1
2021-03-02,121.98037,126.716194,0.017119683,0
2021-03-03,118.99715,126.2402,0.03492223,1
2021-03-04,117.11558,125.68671,0.056216136,1
2021-03-05,118.37318,125.04578,0.06771258,1
2021-03-08,113.440155,124.452705,0.051359005,1
2021-03-09,118.05146,123.68429,0.09030429,1
2021-03-10,116.96935,123.08516,0.04263987,1
2021-03-11,118.89964,122.537704,0.04760522,1
2021-03-12,117.99298,122.134926,0.027210198,0
2021-03-15,120.87871,121.781,0.03210375,1
2021-03-16,122.41907,121.605644,0.006013767,0
2021-03-17,121.62938,121.59526,-0.0067293993,0
2021-03-18,117.505554,121.63367,3.5252335e-05,0
2021-03-19,116.97909,121.51392,0.03411217,1
2021-03-22,120.29377,121.30839,0.03700918,1
2021-03-23,119.46509,121.22018,0.007701204,0
2021-03-24,117.07655,121.14821,0.014088809,0
2021-03-25,117.56403,120.98215,0.03335932,1
2021-03-26,118.16848,120.80498,0.027567478,0
2021-03-29,118.34396,120.65598,0.02105048,0
2021-03-30,116.89133,120.534355,0.018508688,0
2021-03-31,119.08487,120.36597,0.029725386,0
2021-04-01,119.913536,120.28618,0.010087841,0
2021-04-05,122.740776,120.28734,0.0031172642,0
2021-04-06,123.043,120.45801,-0.018598288,0
2021-04-07,124.690605,120.71534,-0.018917449,0
2021-04-08,127.088875,121.08221,-0.028938815,-1
2021-04-09,129.66263,121.595085,-0.043227937,-1
2021-04-12,127.94679,122.27101,-0.057006534,-1
2021-04-13,131.05673,122.91578,-0.03932114,-1
2021-04-14,128.71695,123.662224,-0.056422193,-1
2021-04-15,131.12498,124.31109,-0.034229066,-1
2021-04-16,130.79352,124.99484,-0.046750374,-1
2021-04-19,131.45645,125.64064,-0.039397042,-1
2021-04-20,129.76988,126.26576,-0.039486,-1
2021-04-21,130.15015,126.77129,-0.023106968,-1
2021-04-22,128.62926,127.21166,-0.022577647,-1
2021-04-23,130.9495,127.52583,-0.008578329,0
2021-04-26,131.3395,127.8662,-0.023545643,-1
2021-04-27,131.01775,128.21165,-0.02381491,-1
2021-04-28,130.22806,128.526,-0.019018378,0
2021-04-29,130.13058,128.77391,-0.01116616,0
2021-04-30,128.16129,128.97275,-0.0088975,0
2021-05-03,129.21413,129.04771,0.00691651,0
2021-05-04,124.64185,129.10669,-0.0008314659,0
2021-05-05,124.88558,128.94484,0.0345228,1
2021-05-06,126.48441,128.70003,0.030543521,1
2021-05-07,127.158264,128.49194,0.01587176,0
2021-05-10,123.877,128.33537,0.009257037,0
2021-05-11,122.95904,128.06284,0.033790268,1
2021-05-12,119.89264,127.712234,0.03865675,1
2021-05-13,122.04107,127.20201,0.060965978,1
2021-05-14,124.46293,126.73775,0.038484406,1
2021-05-17,123.310585,126.41948,0.015719946,0
2021-05-18,121.92387,126.13192,0.022879908,0
2021-05-19,121.76761,125.81651,0.031926867,1
2021-05-20,124.32623,125.5001,0.030652573,1
2021-05-21,122.49029,125.3147,0.0079505695,0
2021-05-24,124.12113,125.115845,0.021434817,0
2021-05-25,123.92583,125.00023,0.007082573,0
2021-05-26,123.877,124.92038,0.008025386,0
2021-05-27,122.34381,124.86281,0.007957969,0
2021-05-28,121.689514,124.75169,0.019681279,0
2021-06-01,121.36724,124.594055,0.023868458,0
2021-06-02,122.128944,124.40706,0.025046444,0
2021-06-03,120.64461,124.24873,0.017356975,0
2021-06-04,122.9395,124.0425,0.028164506,0
2021-06-07,122.949265,123.92973,0.008054648,0
2021-06-08,123.7696,123.8639,0.007439123,0
2021-06-09,124.150444,123.86354,0.0007589968,0
2021-06-10,123.15435,123.91295,-0.0019129647,0
2021-06-11,124.36527,123.940865,0.006386411,0
2021-06-14,127.42193,124.01544,-0.0028129285,0
2021-06-15,126.60163,124.24586,-0.024925625,-1
2021-06-16,127.09965,124.500275,-0.016598178,0
2021-06-17,128.70123,124.7817,-0.018237244,0
2021-06-18,127.402405,125.135895,-0.02770244,-1
2021-06-21,129.1993,125.44814,-0.015339285,0
2021-06-22,130.83987,125.80958,-0.026236344,-1
2021-06-23,130.56647,126.2475,-0.035099212,-1
2021-06-24,130.28325,126.68677,-0.029714365,-1
2021-06-25,129.9903,127.094475,-0.024475703,-1
2021-06-28,131.62115,127.4541,-0.01951064,0
2021-06-29,133.13478,127.84519,-0.028688114,-1
2021-06-30,133.75008,128.29538,-0.03634964,-1
2021-07-01,134.05276,128.77672,-0.037183966,-1
2021-07-02,136.67975,129.26251,-0.035734084,-1
2021-07-06,138.69147,129.84341,-0.05001717,-1
2021-07-07,141.18167,130.52628,-0.058873065,-1
2021-07-08,139.88286,131.33307,-0.06975836,-1
2021-07-09,141.70905,132.09949,-0.055642065,-1
2021-07-12,141.11334,132.89366,-0.06220763,-1
2021-07-13,142.22662,133.63084,-0.05302474,-1
2021-07-14,145.65436,134.35292,-0.05536026,-1
2021-07-15,145.00003,135.17757,-0.071929134,-1
2021-07-16,142.95905,135.97304,-0.06225511,-1
2021-07-19,139.11137,136.62645,-0.044296574,-1
2021-07-20,142.72466,137.01222,-0.01508972,0
2021-07-21,141.99223,137.40971,-0.037239127,-1
2021-07-22,143.35942,137.74608,-0.029904135,-1
2021-07-23,145.07817,138.09364,-0.0367313,-1
2021-07-26,145.49812,138.49829,-0.04535403,-1
2021-07-27,143.33012,138.92355,-0.045186628,-1
2021-07-28,141.58208,139.24242,-0.028519528,-1
2021-07-29,142.22662,139.42181,-0.015258026,0
2021-07-30,142.44148,139.55347,-0.018795053,0
2021-08-02,142.10944,139.65906,-0.019533811,0
2021-08-03,143.90628,139.72899,-0.016750805,0
2021-08-04,143.50586,139.8549,-0.028152881,-1
2021-08-05,143.61334,139.97914,-0.024575429,-1
2021-08-06,142.92871,140.10211,-0.024449194,-1
2021-08-09,142.87982,140.18835,-0.01917289,0
2021-08-10,142.40059,140.25134,-0.018396433,0
2021-08-11,142.65486,140.2782,-0.014904368,0
2021-08-12,145.61829,140.29732,-0.016526207,0
2021-08-13,145.82365,140.4384,-0.035571672,-1
2021-08-16,147.79929,140.63387,-0.035589486,-1
2021-08-17,146.88971,140.93289,-0.04645756,-1
2021-08-18,143.1439,141.22552,-0.0385608,-1
2021-08-19,143.47641,141.34276,-0.012582774,0
2021-08-20,144.93365,141.3916,-0.01453067,0
2021-08-23,146.42029,141.46353,-0.02394284,-1
2021-08-24,146.33224,141.6015,-0.03291065,-1
2021-08-25,145.0999,141.75697,-0.031266324,-1
2021-08-26,144.29794,141.86096,-0.02232212,-1
2021-08-27,145.33464,141.9031,-0.01659647,0
2021-08-30,149.75534,141.95859,-0.023229513,-1
2021-08-31,148.49371,142.20427,-0.050422717,-1
2021-09-01,149.15872,142.4659,-0.040593076,-1
2021-09-02,150.2737,142.75656,-0.0429218,-1
2021-09-03,150.90942,143.09447,-0.04777436,-1
2021-09-07,153.24692,143.46385,-0.049338017,-1
2021-09-08,151.70163,143.92934,-0.0608011,-1
2021-09-09,150.68446,144.34706,-0.048480485,-1
2021-09-10,145.69653,144.68175,-0.03983633,-1
2021-09-13,146.26378,144.74734,-0.0065148305,0
2021-09-14,144.86522,144.71173,-0.010611293,0
2021-09-15,145.75522,144.56137,-0.0020974549,0
2021-09-16,145.52048,144.39917,-0.009303602,0
2021-09-17,142.85046,144.22333,-0.008913863,0
2021-09-20,139.79906,143.93378,0.0075835455,0
2021-09-21,140.27824,143.47693,0.026308272,0
2021-09-22,142.6451,142.98598,0.019302588,0
2021-09-23,143.60356,142.59961,-0.00031887848,0
2021-09-24,143.6916,142.31783,-0.008953372,0
2021-09-27,142.17563,142.1045,-0.011045163,0
2021-09-28,138.79166,141.87265,-0.0021310158,0
2021-09-29,139.69145,141.50305,0.019535722,0
2021-09-30,138.3907,141.13173,0.010310417,0
2021-10-01,139.5154,140.71768,0.016814573,0
2021-10-04,136.08252,140.35437,0.006013487,0
2021-10-05,138.00931,139.88171,0.027918313,0
2021-10-06,138.8797,139.47102,0.010591429,0
2021-10-07,140.14137,139.14342,0.0018988927,0
2021-10-08,139.7599,138.92676,-0.008667069,0
2021-10-11,139.6719,138.75847,-0.007165391,0
2021-10-12,138.40047,138.62265,-0.0075122863,0
2021-10-13,137.81364,138.45691,0.0004078184,0
2021-10-14,140.60103,138.26355,0.0032645925,0
2021-10-15,141.6573,138.18959,-0.017150927,0
2021-10-18,143.3297,138.21774,-0.024280852,-1
2021-10-19,145.49113,138.36754,-0.034620587,-1
2021-10-20,145.98015,138.66302,-0.04693145,-1
2021-10-21,146.1953,139.03508,-0.04757543,-1
2021-10-22,145.42267,139.43816,-0.046219964,-1
2021-10-25,145.37375,139.80486,-0.038630933,-1
2021-10-26,146.03883,140.1363,-0.036027428,-1
2021-10-27,145.57916,140.46227,-0.03818552,-1
2021-10-28,149.21744,140.74663,-0.03319524,-1
2021-10-29,146.50829,141.1537,-0.05404017,-1
2021-11-01,145.68675,141.47366,-0.03436408,-1
2021-11-02,146.72346,141.70668,-0.027319381,-1
2021-11-03,148.16115,141.93063,-0.032665744,-1
2021-11-04,147.64282,142.19589,-0.040261943,-1
2021-11-05,148.17168,142.44092,-0.035233032,-1
2021-11-08,147.34895,142.6874,-0.037013035,-1
2021-11-09,147.7114,142.88487,-0.03029598,-1
2021-11-10,144.88074,143.06525,-0.03145423,-1
2021-11-11,144.8318,143.10431,-0.012261314,0
2021-11-12,146.90822,143.07559,-0.012125861,0
2021-11-15,146.91803,143.1013,-0.025913563,-1
2021-11-16,147.8975,143.14542,-0.025678357,-1
2021-11-17,150.33629,143.23814,-0.031503998,-1
2021-11-18,154.6263,143.45273,-0.045787748,-1
2021-11-19,157.25122,143.89508,-0.06940098,-1
2021-11-22,157.71158,144.53076,-0.08089259,-1
2021-11-23,158.09358,145.24611,-0.079039656,-1
2021-11-24,158.6127,145.98325,-0.076602325,-1
2021-11-26,153.58807,146.7167,-0.07500027,-1
2021-11-29,156.94763,147.19704,-0.041611545,-1
2021-11-30,161.90363,147.68295,-0.059030384,-1
2021-12-01,161.38455,148.3429,-0.08375804,-1
2021-12-02,160.3953,149.01666,-0.07663614,-1
2021-12-03,158.51471,149.62282,-0.067162044,-1
2021-12-06,161.92325,150.08795,-0.05316073,-1
2021-12-07,167.66284,150.6061,-0.069892086,-1
2021-12-08,171.4827,151.35095,-0.09728983,-1
2021-12-09,170.97337,152.3101,-0.11180482,-1
2021-12-10,175.76292,153.29372,-0.10340591,-1
2021-12-13,172.12915,154.43938,-0.12131994,-1
2021-12-14,170.74814,155.44096,-0.096951544,-1
2021-12-15,175.61601,156.27315,-0.08477393,-1
2021-12-16,168.72061,157.17938,-0.10498263,-1
2021-12-17,167.62367,157.77348,-0.06488317,-1
2021-12-20,166.26219,158.15567,-0.056483682,-1
2021-12-21,169.43565,158.35602,-0.047552444,-1
2021-12-22,172.03119,158.58383,-0.06404686,-1
2021-12-23,172.65804,158.90425,-0.07630557,-1
2021-12-27,176.6248,159.26817,-0.07755134,-1
2021-12-28,175.60622,159.79306,-0.09529659,-1
2021-12-29,175.69434,160.31607,-0.087070644,-1
2021-12-30,174.53859,160.8182,-0.084670514,-1
2021-12-31,173.92154,161.23671,-0.07621168,-1
2022-01-03,178.2703,161.56981,-0.07101898,-1
2022-01-04,176.00778,162.01862,-0.091163136,-1
2022-01-05,171.32596,162.39392,-0.07734806,-1
2022-01-06,168.466,162.53111,-0.051333994,-1
2022-01-07,168.6325,162.44193,-0.03575842,-1
2022-01-10,168.65208,162.25761,-0.037803467,-1
2022-01-11,171.4827,162.03156,-0.039255545,-1
2022-01-12,171.92346,161.90723,-0.055839278,-1
2022-01-13,168.65208,161.84666,-0.058612112,-1
2022-01-14,169.514,161.6873,-0.04129675,-1
2022-01-18,166.31114,161.53342,-0.047079243,-1
2022-01-19,162.81453,161.25761,-0.030385984,-1
2022-01-20,161.12985,160.8035,-0.012351675,0
2022-01-21,159.07298,160.2254,-0.0056131715,0
2022-01-24,158.29924,159.53401,0.0028982235,0
2022-01-25,156.49707,158.79361,0.003123006,0
2022-01-26,156.4089,157.99254,0.009555886,0
2022-01-27,155.9486,157.20238,0.0050730635,0
2022-01-28,166.83034,156.43797,0.0031380847,0
2022-01-31,171.18886,156.17566,-0.063865356,-1
2022-02-01,171.02237,156.32417,-0.086832084,-1
2022-02-02,172.22711,156.65543,-0.08400622,-1
2022-02-03,169.34747,157.11867,-0.08772396,-1
2022-02-04,169.06313,157.50798,-0.069912426,-1
2022-02-07,168.3472,157.84184,-0.06637333,-1
2022-02-08,171.45602,158.1037,-0.06084746,-1
2022-02-09,172.878,158.44492,-0.07588598,-1
2022-02-10,168.79831,158.85455,-0.08111762,-1
2022-02-11,165.38545,159.10579,-0.05742072,-1
2022-02-14,165.62085,159.13928,-0.037767347,-1
2022-02-15,169.45537,159.08162,-0.039483134,-1
2022-02-16,169.22,159.13376,-0.06091049,-1
2022-02-17,165.62085,159.21304,-0.059135787,-1
2022-02-18,164.07133,159.15523,-0.039038695,-1
2022-02-22,161.14883,158.98048,-0.031028276,-1
2022-02-23,156.98087,158.6407,-0.0155640775,0
2022-02-24,159.59933,158.07239,0.006953218,0
2022-02-25,161.66862,157.53653,-0.012924898,0
2022-02-28,161.9334,157.11731,-0.028152125,-1
2022-03-01,160.05043,156.78061,-0.031820405,-1
2022-03-02,163.3456,156.42503,-0.02265159,-1
2022-03-03,163.02199,156.22174,-0.043612167,-1
2022-03-04,160.02104,156.08246,-0.042568058,-1
2022-03-07,156.22572,155.8617,-0.025992503,-1
2022-03-08,154.4016,155.46631,-0.0048610093,0
2022-03-09,159.80525,154.94035,0.0034893248,0
2022-03-10,155.46075,154.6037,-0.032549325,-1
2022-03-11,151.74388,154.17984,-0.00823947,0
2022-03-14,147.71321,153.59344,0.01218872,0
2022-03-15,152.09697,152.7985,0.03442672,1
2022-03-16,156.51013,152.13263,0.0002344543,0
2022-03-17,157.52023,151.73343,-0.030520087,-1
2022-03-18,160.8154,151.51715,-0.038109913,-1
2022-03-21,162.18835,151.54213,-0.057664067,-1
2022-03-22,165.56201,151.73863,-0.064429544,-1
2022-03-23,166.92519,152.15253,-0.08099373,-1
2022-03-24,170.71071,152.70468,-0.085190885,-1
2022-03-25,171.34818,153.45453,-0.101084344,-1
2022-03-28,172.21112,154.28183,-0.09960039,-1
2022-03-29,175.5063,155.14096,-0.09912345,-1
2022-03-30,174.33926,156.10538,-0.11054261,-1
2022-03-31,171.24025,157.01318,-0.0993814,-1
2022-04-01,170.94603,157.72215,-0.078942284,-1
2022-04-04,174.99634,158.2917,-0.07402528,-1
2022-04-05,171.68156,158.92477,-0.091839425,-1
2022-04-06,168.5139,159.40425,-0.071512125,-1
2022-04-07,168.8179,159.66165,-0.05253127,-1
2022-04-08,166.80748,159.81483,-0.05333005,-1
2022-04-11,162.55122,159.82126,-0.04188194,-1
2022-04-12,164.4244,159.58363,-0.01825634,0
2022-04-13,167.1115,159.32288,-0.03102652,-1
2022-04-14,162.10011,159.1634,-0.047561597,-1
2022-04-18,161.88437,158.84679,-0.02006986,-1
2022-04-19,164.16939,158.4748,-0.0210618,-1
2022-04-20,164.00264,158.1873,-0.0364385,-1
2022-04-21,163.20828,157.94136,-0.036958426,-1
2022-04-22,158.66765,157.6971,-0.0337678,-1
2022-04-25,159.73663,157.28331,-0.008724768,0
2022-04-26,153.77396,156.86488,-0.01797803,0
2022-04-27,153.54842,156.2149,0.015873615,0
2022-04-28,160.48195,155.49025,0.012646392,0
2022-04-29,154.60753,155.05034,-0.033845615,-1
2022-05-02,154.91159,154.50818,-0.0006425947,0
2022-05-03,156.40225,153.97546,-0.006042974,0
2022-05-04,162.81604,153.53664,-0.018322088,0
2022-05-05,153.74454,153.43005,-0.0576478,-1
2022-05-06,154.47134,153.09969,-0.004194306,0
2022-05-09,149.3445,152.73683,-0.011228699,0
2022-05-10,151.75078,152.1605,0.018855797,0
2022-05-11,143.88382,151.6219,-0.00084925914,0
2022-05-12,140.0142,150.78923,0.047992963,1
2022-05-13,144.48294,149.70937,0.06924412,1
2022-05-16,142.94096,148.7556,0.029572068,0
2022-05-17,146.57492,147.82887,0.0341953,1
2022-05-18,138.30528,147.12009,0.0037193676,0
2022-05-19,134.89726,146.19391,0.05703778,1
2022-05-20,135.13293,145.08534,0.07552473,1
2022-05-23,140.55438,143.95815,0.065307625,1
2022-05-24,137.85349,143.10664,0.018158533,0
2022-05-25,138.01062,142.30298,0.032276973,1
2022-05-26,141.21242,141.5811,0.025871055,0
2022-05-27,146.96779,141.07733,-0.000956616,0
2022-05-31,146.182,140.95163,-0.040935222,-1
2022-06-01,146.05437,140.9774,-0.035603598,-1
2022-06-02,148.50974,141.08264,-0.03404024,-1
2022-06-03,142.78383,141.33519,-0.04831027,-1
2022-06-06,143.53029,141.39886,-0.009699726,0
2022-06-07,146.05437,141.41664,-0.014726142,0
2022-06-08,145.31776,141.51697,-0.031066509,-1
2022-06-09,140.09277,141.6138,-0.025488723,-1
2022-06-10,134.6812,141.48077,0.009907723,0
2022-06-13,129.52492,141.0193,0.047060054,1
2022-06-14,130.38919,140.20317,0.08244169,1
2022-06-15,133.01154,139.29329,0.068288624,1
2022-06-16,127.737404,138.4842,0.041144338,1
2022-06-17,129.21063,137.5222,0.07660088,1
2022-06-21,133.44366,136.60765,0.057247754,1
2022-06-22,132.93295,135.94121,0.018716088,0
2022-06-23,135.80083,135.39865,0.018548435,0
2022-06-24,139.13026,135.07689,-0.0053308806,0
2022-06-27,139.13026,135.02542,-0.029503597,-1
2022-06-28,134.98561,135.10953,-0.028899081,-1
2022-06-29,136.74367,135.0823,0.0007163352,0
2022-06-30,134.2785,135.09396,-0.012064207,0
2022-07-01,136.44902,135.01236,0.00546518,0
2022-07-05,139.03204,134.9909,-0.01068615,0
2022-07-06,140.36775,135.10797,-0.02822423,-1
2022-07-07,143.7365,135.3413,-0.03580921,-1
2022-07-08,144.41417,135.7681,-0.05543755,-1
2022-07-11,142.28293,136.29434,-0.056225974,-1
2022-07-12,143.2553,136.75278,-0.038867287,-1
2022-07-13,142.89188,137.2054,-0.04223157,-1
2022-07-14,145.81865,137.61429,-0.036934134,-1
2022-07-15,147.48828,138.10896,-0.052871745,-1
2022-07-18,144.44368,138.68549,-0.059684712,-1
2022-07-19,148.3035,139.13747,-0.036735516,-1
2022-07-20,150.30704,139.68114,-0.058139965,-1
2022-07-21,152.57579,140.31805,-0.06645719,-1
2022-07-22,151.33829,141.06174,-0.07546449,-1
2022-07-25,150.21863,141.76239,-0.063274786,-1
2022-07-26,148.89279,142.3623,-0.05229926,-1
2022-07-27,153.99008,142.82701,-0.04073925,-1
2022-07-28,154.54013,143.42117,-0.0686337,-1
2022-07-29,159.60791,144.05571,-0.06784271,-1
2022-08-01,158.62578,144.89226,-0.09219877,-1
2022-08-02,157.15257,145.73015,-0.08129593,-1
2022-08-03,163.16328,146.46773,-0.067990266,-1
2022-08-04,162.849,147.37642,-0.09675501,-1
2022-08-05,162.62279,148.2909,-0.08939634,-1
2022-08-08,162.15071,149.15213,-0.08283376,-1
2022-08-09,162.19989,149.9228,-0.07541074,-1
2022-08-10,166.44864,150.6102,-0.07145314,-1
2022-08-11,165.71101,151.3952,-0.090438925,-1
2022-08-12,169.26147,152.14146,-0.08188683,-1
2022-08-15,170.33348,152.97797,-0.096203275,-1
2022-08-16,170.17615,153.84781,-0.09678468,-1
2022-08-17,171.67104,154.6778,-0.09107241,-1
2022-08-18,171.27763,155.50568,-0.094164744,-1
2022-08-19,168.69098,156.2664,-0.08764268,-1
2022-08-22,164.80618,156.84714,-0.070210285,-1
2022-08-23,164.47176,157.15448,-0.046428494,-1
2022-08-24,164.76683,157.30457,-0.04357703,-1
2022-08-25,167.22562,157.37642,-0.044853758,-1
2022-08-26,160.92134,157.50064,-0.05815482,-1
2022-08-29,158.71825,157.37462,-0.022040099,-1
2022-08-30,156.28902,157.05789,-0.010461019,0
2022-08-31,154.62686,156.56592,0.0017717256,0
2022-09-01,155.35468,155.94601,0.008531201,0
2022-09-02,153.24013,155.32469,-0.00019300044,0
2022-09-06,151.98126,154.64081,0.009140429,0
2022-09-07,153.38766,153.91272,0.012708524,0
2022-09-08,151.91241,153.26062,-0.00082825875,0
2022-09-09,154.77441,152.61285,0.0046108114,0
2022-09-12,160.73447,152.1248,-0.01711919,0
2022-09-13,151.30264,151.98318,-0.054445583,-1
2022-09-14,152.74838,151.61247,0.002047748,0
2022-09-15,149.85689,151.24042,-0.009872217,0
2022-09-16,148.21442,150.76175,0.006038171,0
2022-09-19,151.93207,150.19325,0.013351171,0
2022-09-20,154.31215,149.76898,-0.0142371915,0
2022-09-21,151.1846,149.52634,-0.03101384,-1
2022-09-22,150.22078,149.2494,-0.012800219,0
2022-09-23,147.94887,148.94118,-0.008518143,0
2022-09-26,148.28326,148.54115,0.0040033096,0
2022-09-27,149.25693,148.13644,-0.0009901325,0
2022-09-28,147.3686,147.78923,-0.00983336,0
2022-09-29,140.12997,147.405,0.00024694685,0
2022-09-30,135.9206,146.71973,0.047026,1
2022-10-03,140.10052,145.75821,0.072377674,1
2022-10-04,143.69032,144.89226,0.034202106,1
2022-10-05,143.98534,144.2536,0.0039200843,0
2022-10-06,143.03133,143.76224,-0.0015494546,0
2022-10-07,137.77939,143.33075,0.0020934101,0
2022-10-10,138.10396,142.7312,0.035940155,1
2022-10-11,136.68771,142.10841,0.028995952,0
2022-10-12,136.05826,141.44197,0.03478189,1
2022-10-13,140.6316,140.76222,0.034573164,1
2022-10-14,136.09764,140.30891,-0.002294597,0
2022-10-17,140.06114,139.7824,0.027074337,0
2022-10-18,141.37909,139.43314,-0.004483799,0
2022-10-19,141.48726,139.23811,-0.015143512,0
2022-10-20,141.025,139.13455,-0.016628401,0
2022-10-21,144.84097,139.0657,-0.013893208,0
2022-10-24,146.98505,139.18835,-0.039026376,-1
2022-10-25,149.82738,139.48595,-0.051019475,-1
2022-10-26,146.8867,139.9775,-0.06574155,-1
2022-10-27,142.41176,140.41058,-0.04408922,-1
2022-10-28,153.1713,140.6112,-0.012643284,0
2022-10-31,150.81087,141.16391,-0.07839188,-1
2022-11-01,148.16522,141.73065,-0.060209293,-1
2022-11-02,142.63794,142.1709,-0.04045702,-1
2022-11-03,136.58939,142.29651,-0.0023936876,0
2022-11-04,136.32341,142.011,0.039692804,1
2022-11-07,136.85535,141.53319,0.03821631,1
2022-11-08,137.42676,140.99745,0.030266302,1
2022-11-09,132.86555,140.47536,0.022183448,0
2022-11-10,144.68724,139.78203,0.052056182,1
2022-11-11,147.47513,139.56154,-0.03542608,-1
2022-11-14,146.07626,139.67583,-0.052885536,-1
2022-11-15,147.81007,139.88954,-0.042352684,-1
2022-11-16,146.57864,140.22916,-0.051288232,-1
2022-11-17,148.47995,140.56177,-0.04104879,-1
2022-11-18,149.04153,140.96361,-0.050621934,-1
2022-11-21,145.81026,141.40051,-0.051267736,-1
2022-11-22,147.94801,141.69357,-0.028233157,-1
2022-11-23,148.82475,142.00188,-0.040190715,-1
2022-11-25,145.9088,142.33252,-0.043623343,-1
2022-11-28,142.07661,142.52873,-0.023165608,-1
2022-11-29,139.07195,142.49045,0.0029127498,0
2022-11-30,145.83,142.21547,0.022603583,0
2022-12-01,146.10583,142.13089,-0.025365919,-1
2022-12-02,145.61322,142.13368,-0.027186818,-1
2022-12-05,144.45076,142.15811,-0.023727987,-1
2022-12-06,140.78609,142.14478,-0.01596381,0
2022-12-07,138.84534,141.95912,0.0083320355,0
2022-12-08,140.52994,141.62262,0.020002708,0
2022-12-09,140.04723,141.30267,0.005498726,0
2022-12-12,142.34259,140.97812,0.006646993,0
2022-12-13,143.30803,140.76686,-0.011069979,0
2022-12-14,141.08163,140.658,-0.018491806,0
2022-12-15,134.47133,140.50842,-0.0040629786,0
2022-12-16,132.51088,140.06741,0.04161545,1
2022-12-19,130.4027,139.43475,0.05225136,1
2022-12-20,130.33374,138.64606,0.06321466,1
2022-12-21,133.43695,137.81491,0.057400107,1
2022-12-22,130.2648,137.13457,0.02771059,0
2022-12-23,129.9003,136.41356,0.04720199,1
2022-12-27,128.09749,135.70107,0.044655524,1
2022-12-28,124.16678,134.94936,0.053489476,1
2022-12-29,127.68375,134.04561,0.07956097,1
2022-12-30,127.99898,133.27438,0.043785036,1
2023-01-03,123.21121,132.61017,0.036025215,1
2023-01-04,124.48204,131.81999,0.0698701,1
2023-01-05,123.16197,131.07579,0.05296949,1
2023-01-06,127.69359,130.32796,0.058183424,1
2023-01-09,128.21571,129.82071,0.01665801,0
2023-01-10,128.78711,129.47226,0.00980025,0
2023-01-11,131.50607,129.24954,0.0035906767,0
2023-01-12,131.42728,129.22635,-0.017335504,0
2023-01-13,132.75717,129.29897,-0.016193831,0
2023-01-17,133.91963,129.48122,-0.024676295,-1
2023-01-18,133.2005,129.76242,-0.031042583,-1
2023-01-19,133.25963,130.0482,-0.023665812,-1
2023-01-20,135.82098,130.3297,-0.021986641,-1
2023-01-23,139.01283,130.71042,-0.037627213,-1
2023-01-24,140.41173,131.25798,-0.055785153,-1
2023-01-25,139.75166,131.91779,-0.06049311,-1
2023-01-26,141.8205,132.57137,-0.05137898,-1
2023-01-27,143.76117,133.28464,-0.06018776,-1
2023-01-30,140.87474,134.07336,-0.06738819,-1
2023-01-31,142.14554,134.72911,-0.04362478,-1
2023-02-01,143.26857,135.34976,-0.04780858,-1
2023-02-02,148.57849,135.96588,-0.050972022,-1
2023-02-03,152.20378,136.77605,-0.07943575,-1
2023-02-06,149.47496,137.78502,-0.094733275,-1
2023-02-07,152.35158,138.71504,-0.07198475,-1
2023-02-08,149.66214,139.69322,-0.083086476,-1
2023-02-09,148.62775,140.52074,-0.061080266,-1
2023-02-10,148.99281,141.19313,-0.050021723,-1
2023-02-13,151.79489,141.76982,-0.048478793,-1
2023-02-14,151.15356,142.38486,-0.06199177,-1
2023-02-15,153.25511,142.94882,-0.05428084,-1
2023-02-16,151.65674,143.54852,-0.06333615,-1
2023-02-17,150.51222,144.05933,-0.050096106,-1
2023-02-21,146.49661,144.45427,-0.040248908,-1
2023-02-22,146.92088,144.60066,-0.01294194,0
2023-02-23,147.40428,144.64186,-0.015511901,0
2023-02-24,144.75026,144.64304,-0.018732466,0
2023-02-27,145.94409,144.50505,-0.0016940124,0
2023-02-28,145.44092,144.36026,-0.010852318,0
2023-03-01,143.36896,144.19115,-0.008592982,0
2023-03-02,143.96095,143.92921,0.0039077983,0
2023-03-03,149.01257,143.66397,-0.002062933,0
2023-03-06,151.77513,143.62398,-0.03616202,-1
2023-03-07,149.57495,143.80249,-0.052529298,-1
2023-03-08,150.82797,143.98204,-0.037392028,-1
2023-03-09,148.57845,144.21718,-0.043830026,-1
2023-03-10,146.51636,144.37067,-0.028320251,-1
2023-03-13,148.46002,144.39502,-0.014478506,0
2023-03-14,150.55171,144.44225,-0.02706302,-1
2023-03-15,150.94638,144.58061,-0.039661456,-1
2023-03-16,153.76814,144.76788,-0.040931735,-1
2023-03-17,152.9295,145.0903,-0.056434583,-1
2023-03-20,155.29745,145.42116,-0.04909678,-1
2023-03-21,157.15234,145.84459,-0.060869418,-1
2023-03-22,155.72173,146.36568,-0.06863828,-1
2023-03-23,156.80699,146.84415,-0.05700925,-1
2023-03-24,158.1094,147.3285,-0.06044683,-1
2023-03-27,156.16574,147.84291,-0.06493285,-1
2023-03-28,155.54413,148.25961,-0.05062652,-1
2023-03-29,158.62244,148.58527,-0.04473883,-1
2023-03-30,160.19121,148.97894,-0.06079527,-1
2023-03-31,162.69728,149.4412,-0.0671074,-1
2023-04-03,163.9503,150.01364,-0.077958524,-1
2023-04-04,163.41751,150.65674,-0.08108289,-1
2023-04-05,161.57253,151.27641,-0.07429496,-1
2023-04-06,162.4605,151.77766,-0.06062207,-1
2023-04-10,159.86562,152.23627,-0.062933624,-1
2023-04-11,158.65202,152.53706,-0.045841955,-1
2023-04-12,157.96138,152.69887,-0.03752335,-1
2023-04-13,163.34846,152.75487,-0.03296067,-1
2023-04-14,163.00313,152.97812,-0.06348603,-1
2023-04-17,163.02287,153.23946,-0.05989868,-1
2023-04-18,164.24632,153.50804,-0.05836501,-1
2023-04-19,165.39082,153.81763,-0.06349424,-1
2023-04-20,164.42389,154.17534,-0.06781201,-1
2023-04-21,162.81569,154.49515,-0.06038503,-1
2023-04-24,163.12152,154.7163,-0.049745794,-1
2023-04-25,161.58235,154.89401,-0.05043791,-1
2023-04-26,161.57253,154.97475,-0.04089311,-1
2023-04-27,166.16039,155.00575,-0.04064288,-1
2023-04-28,167.4134,155.19804,-0.06597446,-1
2023-05-01,167.32462,155.49655,-0.0711822,-1
2023-05-02,166.28867,155.82545,-0.06872366,-1
2023-05-03,165.2132,156.11148,-0.061201915,-1
2023-05-04,163.57538,156.32127,-0.053820893,-1
2023-05-05,171.25148,156.41788,-0.043756593,-1
2023-05-08,171.18237,156.77254,-0.08454784,-1
2023-05-09,169.47551,157.20834,-0.08163241,-1
2023-05-10,171.24161,157.59286,-0.070114225,-1
2023-05-11,171.42908,158.01102,-0.077262715,-1
2023-05-12,170.50035,158.42607,-0.07585064,-1
2023-05-15,170.00635,158.77899,-0.068746835,-1
2023-05-16,170.00635,159.06497,-0.06435863,-1
2023-05-17,170.6189,159.30312,-0.06295784,-1
2023-05-18,172.95058,159.52834,-0.06500195,-1
2023-05-19,173.05925,159.82648,-0.07588353,-1
2023-05-22,172.11081,160.1409,-0.07464698,-1
2023-05-23,169.50244,160.40787,-0.067996554,-1
2023-05-24,169.77908,160.53445,-0.052907716,-1
2023-05-25,170.91533,160.60342,-0.054044697,-1
2023-05-26,173.32603,160.68343,-0.059865333,-1
2023-05-30,175.17358,160.8567,-0.07194147,-1
2023-05-31,175.1242,161.13313,-0.08015165,-1
2023-06-01,177.93015,161.43852,-0.07814845,-1
2023-06-02,178.77985,161.8566,-0.09033628,-1
2023-06-05,177.42627,162.33421,-0.09198818,-1
2023-06-06,177.06068,162.75978,-0.08266244,-1
2023-06-07,175.68738,163.1275,-0.078691565,-1
2023-06-08,178.40437,163.39282,-0.069979735,-1
2023-06-09,178.78972,163.70535,-0.08239159,-1
2023-06-12,181.58574,164.02933,-0.08255727,-1
2023-06-13,181.11153,164.451,-0.09436168,-1
2023-06-14,181.7438,164.86989,-0.08967755,-1
2023-06-15,183.77914,165.29172,-0.09052351,-1
2023-06-16,182.70224,165.77112,-0.097987324,-1
2023-06-20,182.79114,166.20326,-0.09030528,-1
2023-06-21,181.75372,166.59563,-0.08860118,-1
2023-06-22,184.75728,166.90512,-0.08169628,-1
2023-06-23,184.4411,167.27788,-0.094607376,-1
2023-06-26,183.04802,167.63768,-0.09110454,-1
2023-06-27,185.80455,167.91675,-0.08266285,-1
2023-06-28,186.98029,168.2534,-0.094460264,-1
2023-06-29,187.31621,168.63593,-0.09810853,-1
2023-06-30,191.64369,169.02876,-0.097628735,-1
2023-07-03,190.15181,169.57341,-0.1151631,-1
2023-07-05,189.03532,170.09012,-0.10550355,-1
2023-07-06,189.50958,170.52669,-0.09791099,-1
2023-07-07,188.39313,170.92227,-0.09808111,-1
2023-07-10,186.34796,171.22984,-0.09110356,-1
2023-07-11,185.82431,171.39992,-0.08021576,-1
2023-07-12,187.49405,171.47763,-0.07720561,-1
2023-07-13,188.25482,171.56981,-0.08493198,-1
2023-07-14,188.403,171.68555,-0.08801514,-1
2023-07-17,191.66344,171.80827,-0.08808101,-1
2023-07-18,191.40656,172.05316,-0.1023162,-1
2023-07-19,192.76015,172.32361,-0.0996985,-1
2023-07-20,190.81378,172.64555,-0.10435037,-1
2023-07-21,189.63803,172.89612,-0.09390131,-1
2023-07-24,190.43832,173.05939,-0.08742257,-1
2023-07-25,191.29787,173.2053,-0.09049133,-1
2023-07-26,192.16731,173.36377,-0.09374959,-1
2023-07-27,190.90268,173.5491,-0.09688541,-1
2023-07-28,193.48137,173.68527,-0.09018945,-1
2023-07-31,194.09393,173.89302,-0.10124152,-1
2023-08-01,193.264,174.13885,-0.10281145,-1
2023-08-02,190.27032,174.35574,-0.09783645,-1
2023-08-03,188.87726,174.43462,-0.08322742,-1
2023-08-04,179.80734,174.39774,-0.07666102,-1
2023-08-07,176.70502,173.95985,-0.032520853,-1
2023-08-08,177.64362,173.25595,-0.01951878,0
2023-08-09,176.05295,172.50027,-0.028953142,-1
2023-08-10,175.83557,171.68832,-0.024791542,-1
2023-08-11,175.89493,170.88467,-0.028156403,-1
2023-08-14,177.54715,170.12894,-0.032780886,-1
2023-08-15,175.55855,169.501,-0.045318343,-1
2023-08-16,174.68793,168.88667,-0.0380037,-1
2023-08-17,172.14534,168.28593,-0.03664817,-1
2023-08-18,172.63011,167.62788,-0.026242105,-1
2023-08-21,173.96571,167.00505,-0.032584473,-1
2023-08-22,175.34088,166.48454,-0.043003708,-1
2023-08-23,179.1894,166.09352,-0.05273933,-1
2023-08-24,174.49995,165.93803,-0.073951766,-1
2023-08-25,176.70619,165.71133,-0.0503646,-1
2023-08-28,178.26933,165.56859,-0.06302894,-1
2023-08-29,182.15749,165.53238,-0.07144781,-1
2023-08-30,185.64984,165.70204,-0.09033636,-1
2023-08-31,185.8675,166.09264,-0.105344586,-1
2023-09-01,187.44054,166.57153,-0.103815675,-1
2023-09-05,187.67798,167.13312,-0.10834059,-1
2023-09-06,180.96037,167.71184,-0.106385104,-1
2023-09-07,175.66737,168.00395,-0.07159811,-1
2023-09-08,176.28078,167.9529,-0.043915257,-1
2023-09-11,177.44821,167.77422,-0.048255753,-1
2023-09-12,174.4208,167.58083,-0.05560713,-1
2023-09-13,172.3531,167.2622,-0.04104212,-1
2023-09-14,173.86678,166.82385,-0.03208095,-1
2023-09-15,173.14458,166.41394,-0.042865206,-1
2023-09-18,176.07301,166.0037,-0.041242324,-1
2023-09-19,177.16129,165.73288,-0.058726396,-1
2023-09-20,173.61946,165.57936,-0.06537503,-1
2023-09-21,172.07608,165.34901,-0.04763548,-1
2023-09-22,172.92686,165.04492,-0.040860754,-1
2023-09-25,174.20314,164.76015,-0.047226425,-1
2023-09-26,170.12708,164.54791,-0.055425107,-1
2023-09-27,168.6134,164.21556,-0.034747638,-1
2023-09-28,168.87062,163.79446,-0.02857981,-1
2023-09-29,169.38509,163.36623,-0.032595336,-1
2023-10-02,171.89801,162.97552,-0.037840173,-1
2023-10-03,170.56236,162.72292,-0.05337522,-1
2023-10-04,171.80896,162.49089,-0.047322705,-1
2023-10-05,173.04564,162.33763,-0.055127095,-1
2023-10-06,175.59813,162.27914,-0.06221766,-1
2023-10-09,177.08215,162.37137,-0.07532404,-1
2023-10-10,176.48853,162.58713,-0.081854805,-1
2023-10-11,177.88353,162.8266,-0.077409714,-1
2023-10-12,178.78386,163.12576,-0.08296309,-1
2023-10-13,176.94365,163.47173,-0.08564606,-1
2023-10-16,176.815,163.747,-0.07458112,-1
2023-10-17,175.26175,163.97417,-0.072623,-1
2023-10-18,173.96571,164.10341,-0.063666716,-1
2023-10-19,173.58978,164.12932,-0.05654215,-1
2023-10-20,171.03728,164.09015,-0.054724615,-1
2023-10-23,171.15599,163.91763,-0.04162627,-1
2023-10-24,171.59131,163.69902,-0.04356827,-1
2023-10-25,169.27626,163.48392,-0.047248263,-1
2023-10-26,165.1111,163.18556,-0.035980817,-1
2023-10-27,166.42696,162.70036,-0.01460069,0
2023-10-30,168.47485,162.2128,-0.02532136,-1
2023-10-31,168.94977,161.82571,-0.039466657,-1
2023-11-01,172.11566,161.52013,-0.043975446,-1
2023-11-02,175.67729,161.39828,-0.06226846,-1
2023-11-03,174.76706,161.50981,-0.08064491,-1
2023-11-06,177.3196,161.68614,-0.07484773,-1
2023-11-07,179.88197,161.99515,-0.08642276,-1
2023-11-08,180.94057,162.45152,-0.096899375,-1
2023-11-09,180.4657,162.99324,-0.09918907,-1
2023-11-10,184.65613,163.52829,-0.09385389,-1
2023-11-13,183.0711,164.2021,-0.11076819,-1
2023-11-14,185.6864,164.83191,-0.09962903,-1
2023-11-15,186.25105,165.51566,-0.10862802,-1
2023-11-16,187.93515,166.20267,-0.10764173,-1
2023-11-17,187.91536,166.91798,-0.111832015,-1
2023-11-20,189.65889,167.60133,-0.108102,-1
2023-11-21,188.85643,168.29924,-0.1126214,-1
2023-11-22,189.52019,168.9276,-0.10552372,-1
2023-11-24,188.19273,169.51457,-0.10555928,-1
2023-11-27,188.01437,169.9932,-0.09670692,-1
2023-11-28,188.6187,170.38773,-0.093751594,-1
2023-11-29,187.59834,170.74107,-0.09478182,-1
2023-11-30,188.17291,171.01047,-0.08842229,-1
2023-12-01,189.45084,171.24745,-0.08994632,-1
2023-12-04,187.65775,171.50119,-0.094745666,-1
2023-12-05,191.61044,171.67354,-0.085177444,-1
2023-12-06,190.52075,171.9546,-0.10258229,-1
2023-12-07,192.45248,172.21709,-0.096071765,-1
2023-12-08,193.87901,172.53403,-0.10349805,-1
2023-12-11,191.37267,172.90877,-0.1081615,-1
2023-12-12,192.88837,173.18967,-0.09501356,-1
2023-12-13,196.10799,173.47609,-0.10063996,-1
2023-12-14,196.25658,173.86758,-0.11340896,-1
2023-12-15,195.7216,174.28282,-0.11196443,-1
2023-12-18,194.05734,174.66563,-0.10758122,-1
2023-12-19,195.09752,174.94966,-0.0984641,-1
2023-12-20,193.00725,175.21443,-0.101913586,-1
2023-12-21,192.85864,175.37032,-0.091379635,-1
2023-12-22,191.78876,175.4641,-0.09019324,-1
2023-12-26,191.24393,175.4801,-0.08503447,-1
2023-12-27,191.34297,175.43802,-0.0826479,-1
2023-12-28,191.76898,175.37347,-0.08346007,-1
2023-12-29,190.72874,175.316,-0.08579587,-1
2024-01-02,183.9032,175.2227,-0.081298925,-1
2024-01-03,182.52623,174.85794,-0.049184885,-1
2024-01-04,180.20815,174.34874,-0.044801727,-1
2024-01-05,179.48492,173.70839,-0.03606805,-1
2024-01-08,183.82396,173.01416,-0.036051854,-1
2024-01-09,183.40793,172.49852,-0.061610248,-1
2024-01-10,184.44809,172.06638,-0.061837856,-1
2024-01-11,183.8537,171.74158,-0.06888937,-1
2024-01-12,184.18062,171.46289,-0.067394935,-1
2024-01-16,181.91203,171.2392,-0.07026484,-1
2024-01-17,180.97089,170.9673,-0.060164973,-1
2024-01-18,186.86525,170.65886,-0.05698169,-1
2024-01-19,189.76785,170.58324,-0.08713237,-1
2024-01-22,192.07602,170.72034,-0.100372724,-1
2024-01-23,193.35394,171.03697,-0.109535,-1
2024-01-24,192.68036,171.47018,-0.11317979,-1
2024-01-25,192.3534,171.90996,-0.10779719,-1
2024-01-26,190.61977,172.32114,-0.104142986,-1
2024-01-29,189.93622,172.63101,-0.09436983,-1
2024-01-30,186.28076,172.85359,-0.08993875,-1
2024-01-31,182.6748,172.88086,-0.0719339,-1
2024-02-01,185.11183,172.68137,-0.054706167,-1
2024-02-02,184.11127,172.48466,-0.06821372,-1
2024-02-05,185.92413,172.24918,-0.064428926,-1
2024-02-06,187.52898,172.07852,-0.07446915,-1
2024-02-07,187.63795,172.00414,-0.08278636,-1
2024-02-08,186.55814,171.98004,-0.08344747,-1
2024-02-09,187.32193,171.94073,-0.07835306,-1
2024-02-12,185.63567,171.93065,-0.08216487,-1
2024-02-13,183.54272,171.86807,-0.07416459,-1
2024-02-14,182.65994,171.70781,-0.06448044,-1
2024-02-15,182.3723,171.4806,-0.061203,-1
2024-02-16,180.83482,171.22337,-0.06113278,-1
2024-02-20,180.09091,170.90495,-0.054911274,-1
2024-02-21,180.84474,170.54854,-0.052986424,-1
2024-02-22,182.87816,170.22362,-0.05873062,-1
2024-02-23,181.04317,170.00812,-0.07037495,-1
2024-02-26,179.69414,169.77971,-0.062214214,-1
2024-02-27,181.15222,169.51163,-0.05666579,-1
2024-02-28,179.95206,169.3011,-0.065420784,-1
2024-02-29,179.28748,169.0786,-0.060424197,-1
2024-03-01,178.20628,168.84052,-0.058269326,-1
2024-03-04,173.68318,168.56776,-0.054086305,-1
2024-03-05,168.74345,168.11772,-0.032043748,-1
2024-03-06,167.75159,167.42279,-0.007826458,0
2024-03-07,167.63252,166.61774,-0.006759102,0
2024-03-08,169.34856,165.79501,-0.010961532,0
2024-03-11,171.35219,165.07236,-0.025250876,-1
2024-03-12,171.82831,164.51042,-0.039928094,-1
2024-03-13,169.74529,164.07132,-0.045143835,-1
2024-03-14,171.60017,163.6339,-0.03600329,-1
2024-03-15,171.22325,163.30472,-0.04834177,-1
2024-03-18,172.31436,163.02782,-0.047864027,-1
2024-03-19,174.65524,162.83884,-0.05498976,-1
2024-03-20,177.2243,162.79652,-0.06789787,-1
2024-03-21,169.98334,162.92723,-0.0806722,-1
2024-03-22,170.88597,162.8404,-0.04202144,-1
2024-03-25,169.46754,162.71298,-0.04782715,-1
2024-03-26,168.3368,162.5122,-0.041042298,-1
2024-03-27,171.90765,162.24333,-0.036198117,-1
2024-03-28,170.09244,162.10143,-0.057043582,-1
2024-04-01,168.65419,161.94426,-0.04790441,-1
2024-04-02,167.47382,161.73605,-0.041019656,-1
2024-04-03,168.27728,161.47089,-0.03584399,-1
2024-04-04,167.454,161.22733,-0.041894883,-1
2024-04-05,168.20782,160.97066,-0.038717125,-1
2024-04-08,167.087,160.75401,-0.04431311,-1
2024-04-09,168.29712,160.52083,-0.039297953,-1
2024-04-10,166.4224,160.34486,-0.047251284,-1
2024-04-11,173.62363,160.12695,-0.037828088,-1
2024-04-12,175.12146,160.19887,-0.07732104,-1
2024-04-15,171.2927,160.44936,-0.08378244,-1
2024-04-16,168.00946,160.61815,-0.062317576,-1
2024-04-17,166.64064,160.62038,-0.043980166,-1
2024-04-18,165.68837,160.49579,-0.036874868,-1
2024-04-19,163.6649,160.27892,-0.032648366,-1
2024-04-22,164.49808,159.94576,-0.022724155,-1
2024-04-23,165.54953,159.61008,-0.029714637,-1
2024-04-24,167.65236,159.32855,-0.037577745,-1
2024-04-25,168.51535,159.16989,-0.050595574,-1
2024-04-26,167.93011,159.10954,-0.05581573,-1
2024-04-29,172.09612,159.0764,-0.05272261,-1
2024-04-30,168.95177,159.23222,-0.0747483,-1
2024-05-01,167.93011,159.33427,-0.05692449,-1
2024-05-02,171.62996,159.37508,-0.05094404,-1
2024-05-03,181.89618,159.53828,-0.070452005,-1
2024-05-06,180.23969,160.15828,-0.11950718,-1
2024-05-07,180.9241,160.87282,-0.10745063,-1
2024-05-08,181.26134,161.633,-0.106625415,-1
2024-05-09,183.07654,162.38998,-0.1041113,-1
2024-05-10,181.81512,163.17766,-0.10869159,-1
2024-05-13,185.02333,163.88173,-0.09863533,-1
2024-05-14,186.16557,164.63794,-0.11017741,-1
2024-05-15,188.44011,165.41234,-0.1114773,-1
2024-05-16,188.5593,166.2385,-0.11781788,-1
2024-05-17,188.5891,167.04121,-0.11411838,-1
2024-05-20,189.75122,167.78822,-0.11029732,-1
2024-05-21,191.0524,168.51118,-0.11193623,-1
2024-05-22,189.61217,169.2278,-0.11423358,-1
2024-05-23,185.61928,169.83919,-0.10428117,-1
2024-05-24,188.69835,170.21243,-0.083002396,-1
2024-05-28,188.70831,170.57913,-0.09602213,-1
2024-05-29,189.00626,170.90892,-0.09432225,-1
2024-05-30,189.99951,171.211,-0.09415168,-1
2024-05-31,190.95305,171.51855,-0.09726845,-1
2024-06-03,192.72102,171.84393,-0.100072324,-1
2024-06-04,193.0389,172.2243,-0.10635435,-1
2024-06-05,194.54863,172.61636,-0.10579491,-1
2024-06-06,193.168,173.04948,-0.11050782,-1
2024-06-07,195.56174,173.4203,-0.10223068,-1
2024-06-10,191.81718,173.8366,-0.11109097,-1
2024-06-11,205.75253,174.09949,-0.09236762,-1
2024-06-12,211.6326,174.8183,-0.1503468,-1
2024-06-13,212.79471,175.89465,-0.16886787,-1
2024-06-14,211.0565,177.1084,-0.16770299,-1
2024-06-17,215.2083,178.25327,-0.15542397,-1
2024-06-18,212.84435,179.46246,-0.16609877,-1
2024-06-20,208.26546,180.53026,-0.15182027,-1
2024-06-21,206.09024,181.30414,-0.1294565,-1
2024-06-24,206.73586,181.82353,-0.11774798,-1
2024-06-25,207.65958,182.2167,-0.118601345,-1
2024-06-26,211.81139,182.55247,-0.1209051,-1
2024-06-27,212.65565,182.98668,-0.13608667,-1
2024-06-28,209.1991,183.457,-0.13730486,-1
2024-07-01,215.28778,183.78578,-0.12147909,-1
2024-07-02,218.78403,184.26227,-0.14411181,-1
2024-07-03,220.05539,184.8882,-0.15492825,-1
2024-07-05,224.81306,185.5831,-0.1566528,-1
2024-07-08,226.2831,186.43962,-0.17069045,-1
2024-07-09,227.1373,187.3605,-0.1720084,-1
2024-07-10,231.40825,188.28365,-0.171058,-1
2024-07-11,226.03477,189.30316,-0.18195154,-1
2024-07-12,228.98473,190.1006,-0.1589763,-1
2024-07-15,232.81871,190.86664,-0.16646564,-1
2024-07-16,233.23589,191.69537,-0.17663243,-1
2024-07-17,227.33594,192.50227,-0.17464556,-1
2024-07-18,222.66766,193.03891,-0.15086496,-1
2024-07-19,222.79677,193.26862,-0.13203107,-1
2024-07-22,222.44914,193.35536,-0.13214467,-1
2024-07-23,223.49203,193.35066,-0.13080959,-1
2024-07-24,217.06567,193.33548,-0.13493347,-1
2024-07-25,216.02281,193.08209,-0.11048998,-1
2024-07-26,216.48961,192.71211,-0.10790851,-1
2024-07-29,216.76775,192.32513,-0.11161956,-1
2024-07-30,217.32397,191.95755,-0.1144552,-1
2024-07-31,220.58182,191.63774,-0.11819328,-1
2024-08-01,216.88692,191.47313,-0.13196322,-1
2024-08-02,218.37682,191.25035,-0.118202455,-1
2024-08-05,207.85825,191.08014,-0.124998055,-1
2024-08-06,205.83199,190.56487,-0.08319795,-1
2024-08-07,208.40451,189.8764,-0.0775175,-1
2024-08-08,211.87097,189.24149,-0.0919511,-1
2024-08-09,214.7812,188.78154,-0.10897874,-1
2024-08-12,216.31262,188.52463,-0.12224802,-1
2024-08-13,220.03168,188.42746,-0.12891139,-1
2024-08-14,220.47916,188.54517,-0.1430999,-1
2024-08-15,223.46234,188.76646,-0.14383534,-1
2024-08-16,224.78493,189.13411,-0.15361977,-1
2024-08-19,224.6258,189.59079,-0.15656805,-1
2024-08-20,225.24236,190.05556,-0.15390146,-1
2024-08-21,225.13295,190.52133,-0.15414962,-1
2024-08-22,223.27342,190.95486,-0.1518129,-1
2024-08-23,225.5705,191.28152,-0.14328574,-1
2024-08-26,225.90858,191.62509,-0.1504869,-1
2024-08-27,226.75386,191.95901,-0.15028012,-1
2024-08-28,225.22246,192.29582,-0.1519623,-1
2024-08-29,228.50398,192.55603,-0.14504072,-1
2024-08-30,227.71841,192.88446,-0.1558814,-1
2024-09-03,221.52328,193.18584,-0.15164596,-1
2024-09-04,219.61401,193.2398,-0.12767722,-1
2024-09-05,221.13545,193.12558,-0.12061359,-1
2024-09-06,219.58418,192.99562,-0.12725157,-1
2024-09-09,219.67368,192.80211,-0.121967226,-1
2024-09-10,218.87816,192.59566,-0.12326474,-1
2024-09-11,221.4139,192.36517,-0.12113125,-1
2024-09-12,221.52328,192.22845,-0.13181394,-1
2024-09-13,221.25479,192.13936,-0.13264486,-1
2024-09-16,215.10938,192.06888,-0.13191088,-1
2024-09-17,215.57675,191.79503,-0.108383685,-1
2024-09-18,219.45494,191.47798,-0.11178742,-1
2024-09-19,227.58916,191.29436,-0.12832057,-1
2024-09-20,226.92287,191.46034,-0.15874577,-1
2024-09-23,225.20258,191.7329,-0.1550746,-1
2024-09-24,226.0975,191.98477,-0.14750189,-1
2024-09-25,225.10312,192.2531,-0.14968944,-1
2024-09-26,226.24669,192.47662,-0.14494021,-1
2024-09-27,226.51517,192.70976,-0.14823169,-1
2024-09-30,231.69601,192.93906,-0.14822897,-1
2024-10-01,224.94405,193.334,-0.16557045,-1
2024-10-02,225.51083,193.52878,-0.13965814,-1
2024-10-03,224.40704,193.65999,-0.14123864,-1
2024-10-04,225.53073,193.71187,-0.13678348,-1
2024-10-07,220.44933,193.76413,-0.14085265,-1
2024-10-08,224.50648,193.62895,-0.121662304,-1
2024-10-09,228.25536,193.5713,-0.13779193,-1
2024-10-10,227.75816,193.67049,-0.15151833,-1
2024-10-11,226.27654,193.80713,-0.14906617,-1
2024-10-14,230.00554,193.90417,-0.14306548,-1
2024-10-15,232.54129,194.11385,-0.15604708,-1
2024-10-16,230.48285,194.44096,-0.16384327,-1
2024-10-17,230.85078,194.7242,-0.15514669,-1
2024-10-18,233.68483,194.99078,-0.15533844,-1
2024-10-21,235.15654,195.33162,-0.16412367,-1
2024-10-22,234.54002,195.72823,-0.16766837,-1
2024-10-23,229.46857,196.10077,-0.16389209,-1
2024-10-24,229.27963,196.26584,-0.14469402,-1
2024-10-25,230.11493,196.33308,-0.14369592,-1
2024-10-28,232.09377,196.37758,-0.14661087,-1
2024-10-29,232.36227,196.47173,-0.15348125,-1
2024-10-30,228.81226,196.58467,-0.15397337,-1
2024-10-31,224.64569,196.57498,-0.14088963,-1
2024-11-01,221.66248,196.37486,-0.1258463,-1
2024-11-04,220.76752,196.00516,-0.115749486,-1
2024-11-05,222.19945,195.5528,-0.11421391,-1
2024-11-06,221.47356,195.13768,-0.12179044,-1
2024-11-07,226.2069,194.73189,-0.120744295,-1
2024-11-08,225.93813,194.52228,-0.14006919,-1
2024-11-11,223.2204,194.39339,-0.13961671,-1
2024-11-12,223.2204,194.21788,-0.12992772,-1
2024-11-13,224.10643,194.04224,-0.13071458,-1
2024-11-14,227.19244,193.90929,-0.13474466,-1
2024-11-15,223.98695,193.91055,-0.14649206,-1
2024-11-18,226.99336,193.85327,-0.1345332,-1
2024-11-19,227.2522,193.88977,-0.14583507,-1
2024-11-20,227.96895,193.96869,-0.14646067,-1
2024-11-21,227.49112,194.08813,-0.1486203,-1
2024-11-22,228.835,194.20183,-0.14633226,-1
2024-11-25,231.82153,194.35553,-0.15067396,-1
2024-11-26,234.00168,194.6196,-0.16047661,-1
2024-11-27,233.87222,194.98662,-0.16672984,-1
2024-11-29,236.26144,195.36931,-0.16463226,-1
2024-12-02,238.51125,195.82108,-0.17116787,-1
2024-12-03,241.55748,196.34879,-0.17677347,-1
2024-12-04,241.91585,196.97807,-0.1845499,-1
2024-12-05,241.94576,197.61919,-0.18310773,-1
2024-12-06,241.74663,198.22675,-0.18069756,-1
2024-12-09,245.63902,198.77428,-0.17775781,-1
2024-12-10,246.65445,199.39241,-0.18827063,-1
2024-12-11,245.38022,200.02518,-0.18904695,-1
2024-12-12,246.84358,200.57762,-0.18258439,-1
2024-12-13,247.01282,201.1111,-0.18526907,-1
2024-12-16,249.9097,201.6017,-0.18384114,-1
2024-12-17,252.33873,202.13669,-0.1911611,-1
2024-12-18,246.9332,202.72885,-0.19660033,-1
2024-12-19,248.66534,203.12021,-0.1774285,-1
2024-12-20,253.34418,203.46878,-0.18175659,-1
2024-12-23,254.12065,203.92386,-0.19507186,-1
2024-12-24,257.03748,204.40724,-0.19562916,-1
2024-12-26,257.8538,204.96622,-0.20258236,-1
2024-12-27,254.43922,205.54181,-0.20287459,-1
2024-12-30,251.06448,205.97307,-0.19048224,-1
2024-12-31,249.2925,206.21007,-0.17865695,-1
2025-01-02,242.75209,206.29318,-0.1724854,-1
2025-01-03,242.26428,206.08612,-0.15104286,-1
2025-01-06,243.8969,205.75845,-0.15068597,-1
2025-01-07,241.11948,205.44592,-0.15765257,-1
2025-01-08,241.60725,205.05753,-0.14956051,-1
2025-01-10,235.78358,204.68098,-0.15283594,-1
2025-01-13,233.34462,204.13557,-0.13422482,-1
2025-01-14,232.22968,203.4808,-0.12798159,-1
2025-01-15,236.79901,202.78342,-0.126798,-1
2025-01-16,227.23228,202.26413,-0.14584048,-1
2025-01-17,228.94452,201.519,-0.1131586,-1
2025-01-21,221.63757,200.80336,-0.12291694,-1
2025-01-22,222.82222,199.88832,-0.09812981,-1
2025-01-23,222.65298,198.9972,-0.10692393,-1
2025-01-24,221.77695,198.15898,-0.11000977,-1
2025-01-27,228.82507,197.36452,-0.1100765,-1
2025-01-28,237.18724,196.88666,-0.13957568,-1
2025-01-29,238.2823,196.8556,-0.17004134,-1
2025-01-30,236.52025,197.05191,-0.1730317,-1
2025-01-31,234.93741,197.28633,-0.16587974,-1
2025-02-03,226.98338,197.48262,-0.15942454,-1
2025-02-04,231.75185,197.38373,-0.1304045,-1
2025-02-05,231.42332,197.3442,-0.14846766,-1
2025-02-06,232.16997,197.30621,-0.14742295,-1
2025-02-07,226.60512,197.29648,-0.15020671,-1
2025-02-10,226.87419,197.1056,-0.13018025,-1
2025-02-11,231.82724,196.86838,-0.1322575,-1
2025-02-12,236.06277,196.79315,-0.15112153,-1
2025-02-13,240.70688,196.92761,-0.16578287,-1
2025-02-14,243.76643,197.29973,-0.18033199,-1
2025-02-18,243.63689,197.85335,-0.18834868,-1
2025-02-19,244.0355,198.44696,-0.18548064,-1
2025-02-20,244.99222,199.04008,-0.18438064,-1
2025-02-21,244.71318,199.62941,-0.1851602,-1
2025-02-24,246.2579,200.1681,-0.18202972,-1
2025-02-25,246.1981,200.70238,-0.18499112,-1
2025-02-26,239.54088,201.19308,-0.18280002,-1
2025-02-27,236.4913,201.40681,-0.15919648,-1
2025-02-28,241.01582,201.39513,-0.14840366,-1
2025-03-03,237.21881,201.43854,-0.16421032,-1
2025-03-04,235.12596,201.35667,-0.15117745,-1
2025-03-05,234.93663,201.15994,-0.14445882,-1
2025-03-06,234.52803,200.91989,-0.14479113,-1
2025-03-07,238.25528,200.65836,-0.14441632,-1
2025-03-10,226.70476,200.52896,-0.1583441,-1
2025-03-11,220.0874,200.06212,-0.11752131,-1
2025-03-12,216.24055,199.2756,-0.09456152,-1
2025-03-13,208.96542,198.27121,-0.083098866,-1
2025-03-14,212.76244,196.97566,-0.057376772,-1
2025-03-17,213.27074,195.76776,-0.079876296,-1
2025-03-18,211.9652,194.67099,-0.0872119,-1
2025-03-19,214.50648,193.64032,-0.08645228,-1
2025-03-20,213.37038,192.79657,-0.101208664,-1
2025-03-21,217.52615,192.04425,-0.09994886,-1
2025-03-24,219.97778,191.53479,-0.11948615,-1
2025-03-25,222.98749,191.24873,-0.13059978,-1
2025-03-26,220.77504,191.19008,-0.14259727,-1
2025-03-27,223.08714,191.16022,-0.13414027,-1
2025-03-28,217.15741,191.24106,-0.14275177,-1
2025-03-31,221.37302,191.15486,-0.11974055,-1
2025-04-01,222.42938,191.16664,-0.13645013,-1
2025-04-02,223.127,191.24873,-0.14018224,-1
2025-04-03,202.49754,191.38104,-0.14227752,-1
2025-04-04,187.73804,190.79178,-0.057806946,-1
2025-04-07,180.84161,189.42616,0.008991921,0
2025-04-08,171.83241,187.55138,0.03710298,1
2025-04-09,198.17233,185.20535,0.07782548,1
2025-04-10,189.77106,183.75008,-0.07277634,-1
2025-04-11,197.47472,182.39566,-0.03886471,-1
2025-04-14,201.82982,181.48343,-0.08097891,-1
2025-04-15,201.45113,180.98189,-0.1032946,-1
2025-04-16,193.60796,180.68709,-0.10307234,-1
2025-04-17,196.3087,180.22626,-0.0691175,-1
2025-04-21,192.50172,179.84572,-0.08386272,-1
2025-04-22,199.05931,179.3765,-0.068182394,-1
2025-04-23,203.90274,179.15182,-0.10000781,-1
2025-04-24,207.65988,179.2206,-0.121048614,-1
2025-04-25,208.56677,179.5556,-0.13533802,-1
2025-04-28,209.42387,180.02705,-0.13683732,-1
2025-04-29,210.49022,180.57178,-0.1377689,-1
2025-04-30,211.77582,181.16165,-0.13933459,-1
2025-05-01,212.59305,181.78596,-0.14161132,-1
2025-05-02,204.6502,182.41798,-0.14193815,-1
2025-05-05,198.2122,182.72119,-0.10715365,-1
2025-05-06,197.8335,182.63564,-0.07858532,-1
2025-05-07,195.58119,182.37096,-0.07815936,-1
2025-05-08,196.81699,181.94527,-0.06972002,-1
2025-05-09,197.85342,181.51305,-0.07775721,-1
2025-05-12,210.34712,181.13199,-0.08451426,-1
2025-05-13,212.48262,181.2578,-0.138292,-1
2025-05-14,211.8839,181.65953,-0.1450617,-1
2025-05-15,211.00574,182.14627,-0.14034867,-1
2025-05-16,210.81613,182.62132,-0.13451964,-1
2025-05-19,208.34135,183.06305,-0.13164592,-1
2025-05-20,206.4254,183.37392,-0.11983909,-1
2025-05-21,201.6654,183.54134,-0.11085876,-1
2025-05-22,200.93694,183.45898,-0.09028034,-1
2025-05-23,194.85973,183.24684,-0.08803804,-1
2025-05-27,199.78937,182.75677,-0.062111095,-1
2025-05-28,199.99892,182.35895,-0.08724398,-1
2025-05-29,199.5299,182.01535,-0.089918315,-1
2025-05-30,200.42801,181.697,-0.08937458,-1
2025-06-02,201.27621,181.44421,-0.09471628,-1
2025-06-03,202.84293,181.26678,-0.09941279,-1
2025-06-04,202.39388,181.19275,-0.1067337,-1
2025-06-05,200.20848,181.15279,-0.104949266,-1
2025-06-06,203.49155,181.05348,-0.09567526,-1
2025-06-09,201.02673,181.0625,-0.11022102,-1
2025-06-10,202.24419,181.02116,-0.09951696,-1
2025-06-11,198.36235,181.01215,-0.104982205,-1
2025-06-12,198.78148,180.87085,-0.08817954,-1
2025-06-13,196.03726,180.70197,-0.0909517,-1
2025-06-16,198.00311,180.42421,-0.07964329,-1
2025-06-17,195.22894,180.19081,-0.0899597,-1
2025-06-18,196.16698,179.87996,-0.078620434,-1
2025-06-20,200.5777,179.59273,-0.084490515,-1
2025-06-23,201.07663,179.49545,-0.10510762,-1
2025-06-24,199.87917,179.50005,-0.10730528,-1
2025-06-25,201.13652,179.5091,-0.10191193,-1
2025-06-26,200.5777,179.57358,-0.1072055,-1
2025-06-27,200.65755,179.63766,-0.10439861,-1
2025-06-30,204.73892,179.7039,-0.1044249,-1
2025-07-01,207.38338,179.9211,-0.12121694,-1
2025-07-02,211.99365,180.28508,-0.13066764,-1
2025-07-03,213.10132,180.86383,-0.14684318,-1
2025-07-07,209.50888,181.54097,-0.1481002,-1
2025-07-08,209.56877,182.0922,-0.1308617,-1
2025-07-09,210.69638,182.56697,-0.12884457,-1
2025-07-10,211.96375,183.01894,-0.13136175,-1
2025-07-11,210.71634,183.47502,-0.13440375,-1
2025-07-14,208.18169,183.85493,-0.1274766,-1
2025-07-15,208.67065,184.08597,-0.1157437,-1
2025-07-16,209.71846,184.25685,-0.11699682,-1
2025-07-17,209.57875,184.42325,-0.120615095,-1
2025-07-18,210.73631,184.5669,-0.119343475,-1
2025-07-21,212.03358,184.73267,-0.123394236,-1
2025-07-22,213.94952,184.94223,-0.12776917,-1
2025-07-23,213.70007,185.226,-0.13425376,-1
2025-07-24,213.3109,185.51346,-0.13189802,-1
2025-07-25,213.43065,185.77315,-0.12909678,-1
2025-07-28,213.6003,186.01033,-0.12847413,-1
2025-07-29,210.82613,186.22836,-0.12814558,-1
2025-07-30,208.6108,186.32217,-0.11622825,-1
2025-07-31,207.1339,186.27852,-0.10705235,-1
2025-08-01,201.95479,186.12308,-0.10143592,-1
2025-08-04,202.92278,185.73547,-0.08031161,-1
2025-08-05,202.49367,185.30792,-0.086805694,-1
2025-08-06,212.80196,184.86281,-0.08706869,-1
2025-08-07,219.56772,184.81226,-0.13152933,-1
2025-08-08,228.86813,185.16727,-0.15667354,-1
2025-08-11,226.95996,186.01537,-0.18723781,-1
2025-08-12,229.42757,186.95479,-0.17626533,-1
2025-08-13,233.10402,187.98378,-0.18063997,-1
2025-08-14,232.55457,189.1219,-0.18868022,-1
2025-08-15,231.3657,190.21292,-0.18207186,-1
2025-08-18,230.66638,191.17586,-0.17370702,-1
2025-08-19,230.33672,191.99834,-0.16763625,-1
2025-08-20,225.79109,192.69261,-0.16343077,-1
2025-08-21,224.68219,193.12167,-0.1446887,-1
2025-08-22,227.53941,193.37123,-0.13935666,-1
2025-08-25,226.94,193.62016,-0.14906979,-1
2025-08-26,229.08792,193.81816,-0.14594977,-1
2025-08-27,230.26678,194.05414,-0.15292723,-1
2025-08-28,232.33476,194.32613,-0.15608269,-1
2025-08-29,231.91516,194.66591,-0.1621318,-1
2025-09-02,229.49753,194.99538,-0.15919521,-1
2025-09-03,238.23906,195.21718,-0.14937133,-1
2025-09-04,239.54776,195.68695,-0.17861097,-1
2025-09-05,239.45786,196.26018,-0.18070544,-1
2025-09-08,237.64961,196.83977,-0.1779774,-1
2025-09-09,234.12303,197.32646,-0.1696748,-1
2025-09-10,226.57034,197.62457,-0.15589435,-1
2025-09-11,229.8072,197.56577,-0.12801577,-1
2025-09-12,233.84332,197.47621,-0.14068747,-1
2025-09-15,236.47075,197.50119,-0.15541232,-1
2025-09-16,237.91934,197.65187,-0.16415933,-1
2025-09-17,238.75854,197.89294,-0.16823515,-1
2025-09-18,237.64961,198.18684,-0.16992775,-1
2025-09-19,245.26222,198.44817,-0.16495481,-1
2025-09-22,255.83197,198.94344,-0.18885414,-1
2025-09-23,254.1836,199.85194,-0.2188156,-1
2025-09-24,252.06564,200.80623,-0.20999531,-1
2025-09-25,256.62122,201.65915,-0.19997367,-1
2025-09-26,255.21259,202.57338,-0.21061328,-1
2025-09-29,254.1836,203.39525,-0.20303598,-1
2025-09-30,254.38339,204.09106,-0.19707224,-1
2025-10-01,255.20259,204.69255,-0.19533838,-1
2025-10-02,256.88098,205.23549,-0.19579387,-1
2025-10-03,257.7701,205.76607,-0.19898286,-1
2025-10-06,256.4414,206.2779,-0.19976023,-1
2025-10-07,256.23163,206.69952,-0.19396977,-1
2025-10-08,257.8101,207.04831,-0.19194867,-1
2025-10-09,253.79396,207.3914,-0.19556522,-1
2025-10-10,245.03247,207.57112,-0.18212742,-1
2025-10-13,247.42014,207.38806,-0.15363029,-1
2025-10-14,247.53004,207.15309,-0.16274764,-1
2025-10-15,249.09853,206.89948,-0.164144,-1
2025-10-16,247.21036,206.6999,-0.17020823,-1
2025-10-17,252.04565,206.46863,-0.16480592,-1
2025-10-20,261.98602,206.40239,-0.18109126,-1
2025-10-21,262.5155,206.72774,-0.21092074,-1
2025-10-22,258.1997,207.19897,-0.21071719,-1
2025-10-23,259.32858,207.56891,-0.19609162,-1
2025-10-24,262.5655,207.92398,-0.19822189,-1
2025-10-27,268.54965,208.35231,-0.20647489,-1
2025-10-28,268.73947,208.96944,-0.22185922,-1
2025-10-29,269.4388,209.61958,-0.2199896,-1
2025-10-30,271.13715,210.26544,-0.2196171,-1
2025-10-31,270.10815,210.92023,-0.22209026,-1
2025-11-03,268.78943,211.49742,-0.21698987,-1
2025-11-04,269.77847,211.96188,-0.21142031,-1
2025-11-05,269.8784,212.37877,-0.21276607,-1
2025-11-06,269.50873,212.74405,-0.21170402,-1
2025-11-07,268.21,213.04733,-0.20949747,-1
2025-11-10,269.43,213.26054,-0.20487472,-1
2025-11-11,275.25,213.45944,-0.2077369,-1
2025-11-12,273.47,213.81633,-0.22319226,-1
2025-11-13,272.95,214.14482,-0.21693487,-1
2025-11-14,272.41,214.42825,-0.21440467,-1
2025-11-17,267.46,214.65767,-0.21200518,-1
2025-11-18,267.44,214.6928,-0.19729006,-1
2025-11-19,268.56,214.65114,-0.19738582,-1
2025-11-20,266.25,214.61005,-0.20088603,-1
2025-11-21,271.49,214.4926,-0.19439399,-1
2025-11-24,275.92,214.51894,-0.20984587,-1
2025-11-25,276.97,214.73007,-0.22176695,-1
2025-11-26,277.55,215.0299,-0.22363466,-1
2025-11-28,278.85,215.36713,-0.22404203,-1
2025-12-01,283.1,215.73994,-0.2263226,-1
2025-12-02,286.19,216.2331,-0.23619537,-1
2025-12-03,284.15,216.83006,-0.24235627,-1
2025-12-04,280.7,217.36166,-0.23504604,-1
2025-12-05,278.78,217.72966,-0.22433327,-1
